{"cameraMode":{"drawMode":0,"name":"Shaded","section":"Shading Mode"},"sceneLighting":false,"audioPlay":false,"sceneViewState":{"m_AlwaysRefresh":false,"showFog":true,"showSkybox":false,"showFlares":true,"showImageEffects":true,"showParticleSystems":true,"showVisualEffectGraphs":true,"m_FxEnabled":true},"in2DMode":false,"pivot":{"x":1624.406494140625,"y":18.399019241333009,"z":357.16424560546877},"rotation":{"x":0.0002394883194938302,"y":0.6446083188056946,"z":-0.00019851329852826893,"w":0.7645388245582581},"size":838.7500610351563,"orthographic":false}